metric,value
RMSE,106.81775595970407
MAE,44.66474537087078
R2,0.30342846638910725
train_size,3823.0
test_size,893.0
